{"theta": 0.7602838846604774, "threshold": 279.2971001862603}