{"theta": 0.7851534395324336, "threshold": 309.4620445782748}