{"theta": 0.7139608770224819, "threshold": 318.66699540937634}